timestamp,ping,download,upload
1638361356188.8572,21.21,94.1,36.93
1638361471561.2012,17.72,92.76,37.04
1638364501054.106,18.95,93.8,36.61
1638368101057.516,19.93,93.77,36.25
1638371701249.825,22.01,93.86,35.7
1638375301108.813,21.29,71.57,36.08
1638378900127.807,193.25,16.17,23.92
1638382500665.705,27.92,61.0,36.84
1638386100541.9,27.67,92.2,37.11
1638389700564.7249,22.38,83.96,36.75
1638393300583.038,22.27,91.98,37.42
1638396900606.07,17.84,92.83,37.54
1638400500628.203,106.58,81.12,32.56
1638404100653.089,95.64,79.89,31.37
1638407700685.557,97.0,82.61,35.12
1638411300704.845,36.49,85.56,33.6
1638414900729.304,23.08,89.68,37.62
1638418500745.881,26.09,90.54,37.56
1638422100785.2732,20.95,93.99,37.29
1638425700811.407,14.51,93.84,37.21
1638429300217.833,15.19,94.1,36.22
1638432900491.102,173.41,69.93,22.56
1638436500355.4941,159.57,39.28,25.31
1638440100341.0288,166.48,67.73,31.26
1638443700357.302,38.19,67.95,37.17
1638447300609.9492,25.23,70.25,36.64
1638450900412.513,23.95,85.11,36.98
1638454500419.04,33.92,92.63,34.92
1638458100446.6829,19.26,91.56,36.54
1638461700472.6519,23.0,91.84,37.31
1638465300506.601,23.8,83.01,37.02
1638468900531.118,16.34,93.49,37.25
1638472500556.237,14.84,92.56,37.51
1638476100570.652,27.46,85.23,36.22
1638479700593.038,17.14,93.92,36.78
1638483300617.6619,17.82,93.91,37.5
1638486900652.9592,23.09,94.3,35.17
1638490500676.162,16.2,89.76,33.08
1638494100701.053,15.04,85.08,35.94
1638497700714.3171,29.46,91.38,36.9
1638501300748.311,21.18,94.33,36.44
1638504900775.258,20.71,69.03,35.54
1638508500798.764,20.71,93.82,37.23
1638512100820.947,14.9,93.77,37.57
1638515700843.28,16.37,93.33,35.54
1638519300865.6,25.31,93.55,37.21
1638522900882.315,18.05,94.49,34.32
1638526500913.0818,17.6,94.52,36.76
1638530100924.813,21.73,91.01,35.89
1638533700954.722,17.78,92.03,36.71
1638537301059.561,19.17,93.26,37.24
1638540901000.727,17.13,93.14,37.48
1638544501033.542,17.06,89.97,36.67
1638548101057.148,17.29,90.86,35.87
1638551701081.1519,37.88,63.61,36.51
1638555301098.023,25.24,91.86,37.13
1638558900287.711,26.14,93.48,25.13
1638562500255.461,20.27,90.78,36.31
1638566100269.324,15.39,90.42,37.42
1638569700294.248,16.57,75.69,36.81
1638573300319.398,20.55,90.66,35.89
1638576900341.1492,18.49,90.42,36.94
1638580500373.6602,18.73,76.67,37.53
1638584100389.353,22.52,90.53,36.06
1638587700421.772,15.22,59.29,35.71
1638591300436.496,15.4,93.36,33.54
1638594900471.527,21.2,93.48,36.21
1638598500494.39,17.57,49.66,36.89
1638602100509.819,15.86,93.74,35.11
1638605700533.24,17.61,93.43,37.25
1638609300566.5742,16.37,94.39,36.71
1638612900308.12,15.18,85.47,37.04
1638616500750.409,20.76,88.51,36.42
1638620101034.228,18.44,49.84,36.53
1638623701248.041,15.74,91.65,34.98
1638627301014.356,20.84,85.59,36.75
1638630901038.094,15.03,90.97,37.03
1638634501052.808,16.25,93.64,35.79
1638638101076.8188,40.09,91.43,35.36
1638641701111.563,28.76,93.84,37.07
1638645302626.2551,39.16,89.61,26.6
1638648900464.565,25.99,91.91,36.21
1638652500489.6382,15.55,91.62,34.87
1638656100506.638,14.87,86.88,36.91
1638659700537.953,20.59,91.3,36.52
1638663300562.8418,16.55,92.11,37.33
1638666900588.276,19.47,92.82,36.73
1638670500612.098,27.68,91.9,37.79
1638674100636.573,19.36,94.4,37.15
1638677700646.6602,18.39,93.26,37.04
1638681300687.031,22.29,94.41,36.01
1638684900711.0059,29.84,28.54,35.45
1638688500720.798,15.81,90.97,37.01
1638692100749.434,17.06,93.11,36.63
1638695700773.801,17.19,93.58,37.0
1638699300804.562,17.14,94.83,35.81
1638702900813.3992,17.9,92.42,36.86
1638706500852.918,20.27,93.78,38.3
1638710100876.636,20.52,94.3,36.63
1638713700892.575,28.25,82.49,33.47
1638717300916.3179,22.66,86.3,36.91
1638720900947.684,23.66,89.88,36.63
1638724500965.3179,25.52,88.01,36.3
1638728100988.877,15.45,87.49,36.64
1638731701014.303,67.16,18.84,30.9
1638735301037.492,14.44,92.91,34.91
1638738901050.7751,12.71,92.88,36.66
1638742501091.0361,13.65,91.61,37.02
1638746101105.846,15.34,94.33,37.36
1638749700138.59,14.5,94.21,37.17
1638753300159.7568,21.8,94.34,35.82
1638756900178.2441,27.89,93.03,37.5
1638760500209.719,19.52,94.18,37.57
1638764100234.137,17.79,94.19,18.84
1638767700248.861,27.39,94.25,36.17
1638771300272.591,15.72,93.33,36.34
1638774900296.808,15.11,93.54,29.51
1638778500328.772,17.13,95.03,36.49
1638782100354.4978,17.34,95.16,35.48
1638785700381.714,16.93,94.73,36.2
1638789300401.135,24.47,94.26,35.17
1638792900425.346,14.52,74.1,36.07
1638796500449.825,14.5,86.31,33.4
1638800100466.768,35.79,93.9,37.28
1638803700482.81,24.3,91.21,36.4
1638807300522.1118,22.03,90.98,37.38
1638810900546.365,18.6,94.07,36.54
1638814500571.743,15.64,93.41,37.65
1638818100596.449,16.34,82.36,37.34
1638821700619.644,20.25,93.57,37.0
1638825300645.5269,18.24,94.11,37.32
1638828900669.3152,16.48,91.82,36.53
1638832500684.645,16.41,90.5,36.93
1638836100708.957,14.24,94.3,35.54
1638839700740.621,14.25,94.4,37.63
1638843300765.275,15.25,94.27,36.8
1638846900781.535,14.07,94.57,36.58
1638850500812.73,14.56,89.49,36.97
1638854100818.773,36.0,78.46,37.05
1638857700863.529,22.89,91.32,36.45
1638861300877.114,24.52,83.6,37.0
1638864900894.147,20.62,94.01,37.52
1638868500924.779,15.68,94.35,37.06
1638872100956.74,14.81,94.3,36.39
1638875700978.617,28.73,92.83,37.21
1638879301011.008,18.89,94.43,36.2
1638882901027.543,16.24,92.18,35.7
1638886501049.4849,50.15,93.5,35.09
1638890101074.456,31.91,92.16,37.18
1638893701089.4639,34.6,91.22,37.01
1638897300119.588,20.24,87.61,36.39
1638900900135.145,19.22,70.89,35.95
1638904500300.059,19.13,94.85,35.92
1638908100191.0552,24.85,92.51,34.86
1638911700213.4248,14.55,94.28,37.36
1638915300238.973,14.85,94.05,37.4
1638918900253.797,19.08,94.48,36.92
1638922500288.687,17.17,94.61,36.71
1638926100310.563,21.22,94.32,32.04
1638929700329.0789,45.48,93.72,37.26
1638933300362.0579,30.96,78.54,37.24
1638936900376.873,31.91,92.96,37.24
1638940500402.461,19.65,94.19,37.42
1638944100491.434,15.36,91.41,32.45
1638947700457.054,15.98,94.11,36.01
1638951300517.038,19.87,94.37,35.67
1638954900502.856,14.89,94.35,37.48
1638958500561.3489,15.64,93.04,36.67
1638962100549.4622,37.53,91.33,37.85
1638965701096.546,35.64,92.33,35.88
1638969300589.69,36.2,93.85,36.33
1638972900619.072,32.53,64.6,34.8
1638976500642.687,23.84,53.3,37.24
1638980100668.1719,24.49,77.61,36.4
1638983700673.1821,20.05,92.6,33.98
1638987300712.6328,19.38,94.74,37.31
1638990900734.4412,19.65,94.94,35.87
1638994501715.607,19.17,80.42,36.42
1638998100774.328,19.2,92.14,34.99
1639001700791.122,20.03,90.57,35.91
1639005300820.575,20.49,94.13,32.54
1639008900845.253,17.63,88.71,36.08
1639012500868.519,22.16,90.86,36.94
1639016100893.073,19.29,93.03,37.13
1639019700924.088,18.98,95.23,34.15
1639023300948.897,19.63,95.0,37.64
1639026900974.4412,19.55,94.2,37.13
1639030500997.385,15.42,94.39,37.4
1639034101536.458,18.48,94.2,37.37
1639037701041.551,28.09,94.23,25.66
1639041301057.968,17.78,94.13,28.81
1639044901089.8162,22.78,93.98,28.29
1639048501114.681,28.51,92.64,37.52
1639052100139.451,13.26,94.62,35.12
1639055700162.109,15.2,94.42,36.96
1639059300169.9841,22.22,94.62,36.6
1639062900194.875,15.88,94.26,36.96
1639066500233.703,15.65,94.29,34.73
1639070100249.2422,17.0,92.03,37.63
1639073700281.28,14.91,94.2,35.49
1639077300297.62,15.32,89.52,36.29
1639080900322.351,20.5,92.9,27.72
1639084500354.428,13.59,93.82,36.14
1639088100379.184,14.66,87.2,35.59
1639091700401.601,31.03,94.25,34.0
1639095300427.16,21.86,94.26,36.46
1639098900442.566,25.6,93.72,36.7
1639102500468.0122,19.24,95.08,36.89
1639106100488.382,20.14,95.19,36.82
1639109700513.998,19.61,94.95,36.36
1639113300536.844,37.3,93.3,35.49
1639116900569.5332,29.24,91.06,35.94
1639120500592.5679,28.07,94.07,37.23
1639124100616.7258,28.38,94.2,36.36
1639127700640.692,24.26,87.1,35.96
1639131300651.894,23.34,93.53,36.61
1639134900685.249,23.85,94.25,35.67
1639138500708.0159,19.86,78.99,35.95
1639142100745.676,19.48,92.75,35.06
1639145700753.7341,20.7,92.94,36.75
1639149300770.446,14.77,93.05,33.95
1639152900803.578,15.75,94.26,35.56
1639156500817.795,18.18,84.13,37.17
1639160109237.4001,18.1,93.03,34.29
1639163700948.647,14.74,93.2,36.74
1639167300894.841,21.49,93.91,36.3
1639170900917.267,17.82,74.19,36.21
1639174500964.128,19.49,93.28,37.1
1639178100965.373,26.91,90.68,35.68
1639181700990.376,20.66,93.95,36.69
1639185301004.731,21.66,92.58,35.89
1639188901020.112,21.77,92.57,37.34
1639192501122.662,15.82,94.3,37.01
1639196101077.368,16.11,93.9,37.07
1639199701108.56,19.13,94.52,36.73
1639203300125.0579,14.87,93.64,35.03
1639206900148.55,14.19,94.03,37.13
1639210500173.397,40.46,93.9,35.5
1639214100207.5789,23.07,93.26,35.75
1639217705930.8792,43.78,87.78,36.3
1639221301513.151,20.93,91.89,35.96
1639224901147.918,15.87,94.36,36.69
1639228503401.317,20.23,92.74,36.98
1639232100897.8691,20.29,82.75,36.53
1639235700746.9639,21.02,87.04,36.95
1639239300995.485,18.18,83.52,35.4
1639242900786.521,17.91,85.71,34.69
1639246500960.877,15.38,74.79,36.83
1639250100912.14,15.14,90.54,34.44
1639253700764.896,19.56,89.84,37.11
1639257301273.477,19.94,76.89,35.41
1639260900984.158,18.37,68.31,36.29
1639264502033.979,29.38,93.89,37.2
1639268101751.087,24.31,93.55,37.54
1639271701686.891,24.37,90.47,35.72
1639275301387.083,39.36,88.64,35.69
1639278901218.629,24.49,92.52,37.38
1639282503287.1611,37.74,90.28,36.91
1639286101090.359,36.19,88.3,36.97
1639289701691.333,23.95,91.62,35.79
1639293301719.54,24.92,84.78,35.72
1639296901023.371,29.3,94.01,37.43
1639300500948.574,56.51,20.95,29.3
1639304101113.75,20.22,93.43,36.19
1639307706666.533,35.13,89.61,37.48
1639311301569.752,24.67,87.61,37.21
1639314901343.212,21.17,93.56,33.33
1639318501575.998,23.33,87.47,27.42
1639322101284.201,14.94,90.4,37.32
1639325701230.243,15.96,69.59,35.89
1639329301164.4338,37.63,90.37,37.27
1639332900406.47,24.31,85.25,36.96
1639336500358.161,28.82,37.29,37.32
1639340100408.087,22.7,89.51,36.88
1639343700636.484,16.19,61.05,37.0
1639347300389.25,17.99,83.04,33.49
1639350904414.147,26.96,86.95,35.31
1639354501097.9011,15.48,79.65,37.3
1639358101600.659,16.05,92.58,36.47
1639361700837.749,34.6,91.46,35.46
1639365302133.477,28.89,88.33,34.82
1639368900791.141,26.4,89.02,36.97
1639372500697.1372,21.26,93.97,35.01
1639376100653.438,15.28,91.74,36.83
1639379700669.197,14.9,92.13,36.88
1639383300795.656,39.03,93.17,37.48
1639386900872.029,30.88,91.75,34.94
1639390501647.5278,41.76,81.13,37.37
1639394101015.512,18.62,93.18,36.11
1639397700989.376,14.43,89.82,36.1
1639401302098.264,16.12,93.3,36.06
1639404901359.518,16.04,92.43,37.43
1639408502249.062,20.21,91.72,26.73
1639412100848.865,15.0,92.65,36.6
1639415701306.585,14.66,93.52,37.06
1639419301116.919,15.48,93.09,37.06
1639422900911.9329,16.79,92.4,37.09
1639426501032.709,23.64,73.31,36.17
1639430101039.165,14.22,89.05,36.97
1639433701061.126,15.28,90.96,35.58
1639437301310.498,15.65,89.67,35.85
1639440903833.489,15.76,93.92,35.68
1639444503136.01,15.72,89.13,35.47
1639448100621.694,17.28,94.1,35.05
1639451700523.645,17.09,39.91,35.68
1639455300432.945,14.53,67.25,29.57
1639458900289.9229,25.61,61.48,32.58
1639462501105.157,15.63,93.67,37.17
1639466103078.7202,15.58,92.61,35.86
1639469702972.099,33.1,37.54,28.71
1639473300813.2441,23.97,87.85,37.6
1639476900573.955,22.85,76.35,36.46
1639480500670.4321,20.2,88.02,36.5
1639484100667.1182,14.62,88.83,31.7
1639487701444.199,13.99,54.55,35.95
1639491300846.386,20.15,84.89,36.48
1639494900962.9731,20.96,89.85,36.97
1639498500881.383,17.87,85.79,37.24
1639502100748.107,22.37,83.54,37.27
1639505700823.484,18.25,92.43,36.97
1639509300909.7332,16.66,74.84,36.89
1639512902909.214,25.34,92.76,36.75
1639516501316.391,15.54,33.5,36.9
1639520100960.122,17.33,87.48,37.09
1639523700904.301,19.98,85.65,34.07
1639527301128.165,18.45,76.2,36.79
1639530901010.2898,17.47,87.5,37.65
1639534500912.147,31.26,91.66,36.74
1639538101735.111,21.19,91.54,24.56
1639541700943.327,20.5,74.04,35.05
1639545301243.3728,23.4,89.35,37.02
1639548901240.614,14.95,93.06,36.77
1639552501073.066,15.54,87.78,36.71
1639556101104.6282,20.15,93.95,34.85
1639559701752.786,17.89,85.94,36.66
1639563300248.548,17.61,91.95,35.8
1639566900249.839,22.56,92.73,36.8
1639570500160.299,14.72,93.52,37.25
1639574100180.856,14.01,94.55,35.62
1639577700208.487,44.32,92.18,34.99
1639581307567.668,36.82,91.57,35.48
1639584900307.667,32.78,84.04,35.39
1639588500276.309,37.67,92.65,37.21
1639592100292.762,27.19,90.79,37.43
1639595700330.717,26.68,94.14,37.62
1639599300343.861,26.1,92.86,35.5
1639602900378.225,19.77,88.36,37.14
1639606500401.703,20.64,93.5,35.52
1639610100418.8708,23.27,92.13,37.36
1639613700436.6099,14.32,93.29,37.29
1639617300468.24,15.28,88.52,35.41
1639620900492.121,15.31,93.09,37.07
1639624500513.5989,13.86,93.56,36.23
1639628100538.229,14.01,94.29,35.25
1639631700548.6392,19.17,88.36,37.08
1639635300577.98,19.97,92.62,36.85
1639638900608.129,18.94,92.78,37.03
1639642500782.255,18.58,87.46,32.56
1639646100684.9102,18.94,91.88,36.44
1639649700709.705,19.88,87.9,36.96
1639653300725.7869,24.17,93.84,35.39
1639656900748.413,15.08,93.29,37.07
1639660500778.087,15.61,93.94,36.3
1639664100802.4968,16.72,94.15,34.79
1639667700815.475,15.99,94.09,37.29
1639671300852.409,15.91,93.61,37.0
1639674900878.728,153.11,40.52,20.91
1639678500893.3389,145.45,75.49,30.32
1639682100923.872,138.97,24.8,28.11
1639685700944.99,18.76,92.05,37.02
1639689300963.273,19.77,74.42,36.36
1639692900994.7468,24.51,94.07,36.73
1639696501005.773,20.5,94.0,36.79
1639700101029.551,15.94,94.36,36.98
1639703701053.117,19.91,94.22,35.67
1639707301085.1382,19.76,91.24,37.23
1639710901097.052,16.37,94.21,36.86
1639714500131.031,15.04,74.09,36.44
1639718100155.2761,19.82,94.49,30.35
1639721700169.16,13.78,91.95,36.94
1639725300194.0452,14.65,94.31,37.18
1639728900217.652,20.49,71.59,37.01
1639732500242.084,14.88,90.73,36.82
1639736100264.483,15.91,89.94,35.65
1639739700292.603,19.36,94.26,36.88
1639743300344.9868,16.65,94.3,34.72
1639746900339.724,19.32,94.89,34.86
1639750500352.3928,23.04,93.43,35.02
1639754100373.488,19.86,88.52,36.62
1639757700406.873,20.15,92.52,37.38
1639761300421.254,31.69,90.27,36.14
1639764900444.244,22.36,90.76,36.01
1639768500476.6592,21.64,88.72,36.45
1639772100497.833,21.12,93.48,34.67
1639775700521.131,15.01,94.2,36.83
1639779300537.02,14.98,93.44,36.75
1639782900569.175,15.01,93.59,36.22
1639786500592.9102,14.87,91.54,36.94
1639790100614.852,17.34,93.12,36.91
1639793700642.2678,20.87,91.47,32.0
1639797300665.8499,16.52,93.99,32.63
1639800900678.573,17.49,70.04,33.04
1639804500709.6829,24.17,84.36,36.95
1639808100724.794,14.78,94.2,37.45
1639811700757.2751,16.76,90.08,36.95
1639815300772.85,15.61,91.99,37.14
1639818900908.763,15.1,82.7,37.26
1639822500828.749,14.28,92.79,37.07
1639826100832.521,21.44,94.04,34.35
1639829700873.117,19.97,92.63,35.55
1639833300897.321,20.35,93.75,21.39
1639836900917.679,20.05,89.62,36.53
1639840500926.038,90.13,42.02,35.3
1639844100965.2532,15.59,75.82,37.25
1639847700987.254,16.06,93.17,37.42
1639851301011.429,14.01,94.11,33.91
1639854901033.481,15.78,94.53,36.85
1639858501057.141,17.02,93.85,36.35
1639862101065.186,18.05,91.19,36.49
1639865701104.668,15.42,92.59,35.86
1639869300118.784,29.32,85.29,35.98
1639872900142.936,15.59,93.79,36.07
1639876500174.264,16.86,94.36,35.53
1639880100189.453,22.73,84.48,37.05
1639883700212.405,14.19,94.32,35.17
1639887300238.628,16.16,94.0,36.57
1639890900269.256,19.42,93.79,35.82
1639894500287.591,19.21,89.42,37.76
1639898100313.885,14.77,70.85,36.88
1639901700328.769,22.08,80.37,35.25
1639905300360.689,15.16,92.52,37.37
1639908900384.381,15.52,76.35,34.22
1639912500406.218,28.41,93.69,36.89
1639916100430.0088,81.42,24.19,36.13
1639919700452.3188,19.19,89.58,36.89
1639923300476.273,37.5,93.62,35.53
1639926900490.1719,25.69,75.24,37.41
1639930500513.813,23.2,94.36,36.84
1639934100536.0652,24.91,90.09,36.88
1639937700562.1272,21.74,93.46,36.36
1639941300584.5088,23.15,94.33,37.15
1639944900617.3699,32.86,94.15,24.55
1639948500624.283,23.34,92.14,30.96
1639952100648.741,22.0,90.62,37.02
1639955700677.0598,34.18,90.82,37.57
1639959300708.6191,24.95,93.91,37.78
1639962900731.089,25.33,92.75,36.5
1639966500757.101,25.53,92.01,35.24
1639970100769.6172,26.12,93.36,37.45
1639973700790.082,26.7,86.59,33.98
1639977300824.4219,37.95,93.64,37.7
1639980900838.431,26.62,93.73,37.33
1639984500861.9841,30.16,91.51,36.97
1639988100885.681,23.11,84.37,35.19
1639991700920.3801,14.17,91.66,37.23
1639995300937.803,14.56,94.46,36.3
1639998900961.167,25.41,91.87,36.62
1640002500986.615,18.37,75.37,35.63
1640006101008.648,18.79,93.5,36.35
1640009701033.182,17.58,94.48,36.9
1640013301053.69,15.82,49.33,36.77
1640016901069.108,14.59,92.09,36.68
1640020501092.45,20.52,87.44,36.56
1640024100123.647,22.53,75.63,37.25
1640027700136.454,23.19,47.53,36.17
1640031300169.389,33.56,79.48,20.21
1640034900193.87,23.89,90.18,37.57
1640038500215.053,31.8,90.1,36.75
1640042100229.459,35.33,91.87,36.36
1640045700261.863,25.38,87.32,35.95
1640049300280.232,29.92,93.62,36.88
1640052900305.761,22.39,93.98,37.31
1640056500329.446,15.37,94.09,36.96
1640060100346.4849,14.98,86.49,36.85
1640063700380.2732,29.8,91.22,37.13
1640067300401.652,23.18,52.26,37.31
1640070901250.582,25.34,91.82,37.23
1640074500445.868,20.1,94.38,36.08
1640078100456.928,14.59,94.47,35.68
1640081700494.53,15.15,94.31,37.24
1640085300634.212,24.54,93.65,36.04
1640088900617.254,16.65,92.94,37.21
1640092500641.105,15.9,90.48,35.61
1640096100664.896,28.49,86.14,37.47
1640099700670.527,19.86,85.95,37.14
1640103300710.792,19.88,89.34,37.41
1640106900733.531,24.43,82.53,37.54
1640110500739.757,15.52,87.04,35.76
1640114100769.177,15.33,91.64,34.38
1640117700802.287,22.4,75.21,35.0
1640121300819.764,14.14,88.42,36.56
1640124900844.493,14.55,90.34,36.79
1640128500859.699,36.85,89.65,37.4
1640132100883.89,25.85,91.59,37.31
1640135700905.429,41.6,89.3,37.37
1640139300929.799,31.88,87.42,36.49
1640142900952.6292,23.41,91.6,36.4
1640146500976.804,30.05,93.49,37.42
1640150101008.675,21.23,46.98,37.58
1640153701024.4,17.14,93.24,25.41
1640157301063.541,19.3,94.3,36.8
1640160901080.178,24.18,93.84,36.2
1640164501102.5469,19.42,39.92,34.57
1640168100127.4568,16.14,61.51,33.73
1640171700146.614,35.72,82.93,37.23
1640175300160.882,40.32,61.86,35.09
1640178900192.7979,22.91,94.16,36.58
1640182500214.136,21.26,83.33,35.44
1640186100229.5288,13.38,88.09,36.02
1640189700253.163,20.81,89.17,36.25
1640193300274.84,38.66,92.53,36.35
1640196900306.391,25.87,93.19,13.88
1640200500316.002,25.67,93.78,35.45
1640204100346.322,20.46,91.45,37.39
1640207700370.321,14.4,87.66,37.12
1640211300390.586,14.72,90.77,32.97
1640214900424.4749,38.1,88.04,36.36
1640218500436.847,28.22,91.17,37.04
1640222100472.1091,44.67,56.65,36.98
1640225700484.812,46.45,93.4,34.62
1640229300508.064,32.47,91.5,35.83
1640232900533.416,37.36,89.05,34.85
1640236500546.273,21.02,92.01,32.84
1640240100586.143,22.21,94.13,36.29
1640243700609.958,22.0,89.17,36.35
1640247300625.746,41.77,93.41,37.44
1640250900657.8318,28.34,93.72,36.76
1640254500678.673,27.9,93.57,37.2
1640258100694.487,37.69,93.6,37.66
1640261700707.603,26.19,93.86,36.34
1640265300749.1382,28.99,94.3,36.19
1640268900761.077,19.68,84.6,36.35
1640272500794.281,19.54,92.17,36.78
1640276100814.795,19.64,93.28,38.11
1640279700841.0798,42.68,80.93,34.53
1640283300863.906,28.41,90.96,37.33
1640286900888.9211,25.55,88.48,33.83
1640290500913.5051,31.77,84.77,36.81
1640294100929.42,22.06,63.31,33.07
1640297700961.586,26.86,65.14,37.11
1640301300980.543,31.25,90.28,26.51
1640304901005.135,32.52,88.16,37.49
1640308501020.99,31.7,82.54,37.72
1640312101041.313,33.22,92.32,37.22
1640315701074.6292,29.64,93.96,36.15
1640319301081.124,29.95,92.65,28.35
1640322901123.858,26.49,62.66,36.68
1640326500134.366,13.99,92.23,34.88
1640330100159.96,14.29,94.45,36.06
1640333700189.2852,24.16,90.86,35.9
1640337300214.577,16.47,80.15,37.27
1640340900237.2651,15.8,74.66,36.74
1640344500247.309,38.13,80.14,36.66
1640348100331.8801,26.67,93.18,35.13
1640351700304.655,40.8,53.73,36.68
1640355300328.318,24.17,93.48,35.02
1640358900349.455,28.01,91.83,37.2
1640362500365.711,29.72,93.97,36.14
1640366100386.011,41.0,91.48,36.79
1640369700423.048,27.79,93.81,37.39
1640373300437.32,39.99,92.92,37.28
1640376900460.423,27.29,94.21,37.27
1640380500486.13,16.4,94.29,35.58
1640384100509.5999,19.37,94.31,31.26
1640387700539.498,38.82,92.6,32.46
1640391300563.122,23.18,93.89,36.46
1640394900577.43,35.56,62.69,36.72
1640398500601.5798,60.2,91.46,37.26
1640402100626.205,25.82,93.62,37.62
1640405700648.696,32.02,62.77,37.56
1640409300678.189,23.06,94.51,37.05
1640412900694.1719,18.6,94.42,37.59
1640416500726.465,20.64,94.33,37.06
1640420100741.525,17.72,94.65,36.82
1640423700760.8892,19.05,91.99,37.0
1640427300786.225,16.31,85.1,35.62
1640430900809.341,26.67,56.53,36.73
1640434500835.284,16.27,94.33,35.84
1640438100857.507,14.77,94.5,36.94
1640441700880.8489,14.97,94.3,35.34
1640445300904.683,22.67,94.41,36.32
1640448900928.7568,15.16,46.94,36.92
1640452500961.063,15.48,94.35,36.66
1640456100983.9612,15.54,94.26,34.54
1640459701008.415,16.71,94.39,36.55
1640463301030.503,14.17,94.53,36.91
1640466901052.918,15.04,92.87,37.09
1640470501077.928,14.77,94.19,37.41
1640474101099.181,35.76,94.34,37.44
1640477700121.772,26.78,92.87,36.92
1640481300130.794,36.65,75.37,20.17
1640484900168.0232,39.98,93.25,35.66
1640488500191.4548,26.72,93.97,37.8
1640492100206.1292,28.28,91.31,34.75
1640495700239.044,36.57,91.79,37.16
1640499300260.783,22.49,92.37,35.14
1640502900280.159,21.9,93.98,36.57
1640506500309.341,24.7,94.07,37.53
1640510100334.466,14.32,94.12,36.84
1640513700356.811,17.91,93.49,37.31
1640517300372.866,19.29,94.2,36.93
1640520900391.762,17.01,88.69,37.04
1640524500425.41,16.06,93.26,37.39
1640528100437.865,22.09,78.94,36.18
1640531700471.88,17.22,92.91,37.03
1640535300494.697,17.39,90.8,36.3
1640538900517.81,26.32,93.52,36.78
1640542500532.829,14.55,94.15,37.46
1640546100568.035,15.58,91.83,36.46
1640549700576.301,22.03,94.01,29.59
1640553300613.436,20.02,93.84,34.64
1640556900638.797,19.6,92.46,37.17
1640560500661.134,42.2,93.59,35.78
1640564100685.081,31.71,92.03,37.48
1640567700698.555,32.19,93.41,37.91
1640571300720.9001,44.82,93.79,35.38
1640574900745.597,30.36,93.16,37.08
1640578500776.682,33.38,93.56,37.27
1640582100801.859,31.05,94.53,36.81
1640585700810.149,19.41,92.36,37.03
1640589300847.383,16.94,89.98,36.43
1640592900872.261,21.84,91.41,31.34
1640596500894.718,20.0,94.35,37.32
1640600100920.849,20.22,94.19,37.23
1640603700933.893,34.15,93.51,37.64
1640607300956.5452,24.78,93.92,17.73
1640610900988.982,39.8,93.68,37.29
1640614501005.443,33.41,93.21,36.21
1640618101038.579,22.73,94.3,35.4
1640621701060.332,20.77,94.4,36.66
1640625301071.12,23.16,64.03,36.19
1640628901098.168,18.4,93.29,36.25
1640632500121.9321,18.85,93.32,36.42
1640636100136.869,28.96,88.79,34.68
1640639700166.949,20.04,89.61,35.13
1640643300199.462,22.66,91.5,33.68
1640646900214.322,37.58,93.38,36.4
1640650500234.449,23.6,92.96,37.03
1640654100270.251,47.59,93.33,36.64
1640657700283.012,23.3,91.36,37.3
1640661300317.375,15.07,94.49,36.8
1640664900333.102,17.43,94.28,37.4
1640668500367.178,17.61,94.05,34.57
1640672100371.397,14.39,94.61,35.78
1640675700402.134,15.41,94.43,34.86
1640679300424.9858,19.23,86.7,37.34
1640682900449.237,40.15,15.64,36.94
1640686500482.135,24.03,35.69,34.99
1640690100486.561,29.01,52.5,36.05
1640693700527.4329,22.86,94.25,36.86
1640697300537.82,19.59,94.32,37.13
1640700900573.584,21.82,93.98,29.8
1640704500597.03,16.66,84.62,33.54
1640708100620.809,17.6,61.47,35.75
1640711700646.565,19.64,83.66,36.38
1640715300668.174,16.09,91.35,37.12
1640718900691.925,16.13,75.52,32.31
1640722500709.899,19.08,90.39,34.09
1640726100741.799,20.29,90.79,33.59
1640729700759.185,15.91,79.66,31.97
1640733300790.127,40.12,88.72,37.27
1640736900801.685,27.9,65.61,30.53
1640740500825.153,27.62,93.85,34.5
1640744100848.3591,27.44,94.38,35.98
1640747700874.044,17.68,94.18,37.1
1640751300893.224,17.07,83.19,37.23
1640754900925.126,23.89,91.32,37.1
1640758500946.2358,16.09,93.39,37.01
1640762100962.427,19.01,94.31,37.23
1640765700985.012,41.61,51.91,33.74
1640769301014.7122,25.98,93.76,37.58
1640772901029.5159,29.16,93.4,36.59
1640776501061.847,27.99,89.08,37.16
1640780101087.514,43.49,93.16,37.55
1640783701106.017,30.7,25.18,18.24
1640787300129.962,35.37,44.37,36.28
1640790900154.2002,24.52,48.29,31.54
1640794500174.885,25.52,55.15,37.05
1640798100184.8691,29.29,79.64,37.48
1640801700217.407,24.13,93.57,36.43
1640805300242.889,24.55,93.87,37.48
1640808900273.48,21.65,72.26,34.72
1640812500297.126,17.89,91.66,35.89
1640816100318.668,18.68,94.62,35.17
1640819700342.808,41.16,89.74,36.7
1640823300357.559,30.57,74.56,36.71
1640826900391.1682,54.28,92.46,35.56
1640830500413.6802,32.37,92.92,37.2
1640834100439.045,21.64,73.88,37.51
1640837700452.7632,22.01,93.84,37.08
1640841300486.123,41.81,93.78,37.24
1640844900497.966,26.52,90.14,36.75
1640848500532.886,27.08,87.13,36.91
1640852100555.864,28.66,89.17,36.95
1640855700578.93,15.97,93.89,37.28
1640859300591.692,15.67,94.01,37.54
1640862900617.203,16.44,87.05,35.77
1640866500651.8508,16.03,92.24,36.94
1640870100673.7559,15.97,86.22,37.02
1640873700688.709,28.8,90.44,37.3
1640877300723.0261,18.32,72.86,36.58
1640880900746.0972,19.52,94.4,35.13
1640884500766.277,25.79,65.13,37.35
1640888100780.64,16.76,94.5,35.27
1640891700806.308,17.92,94.48,36.74
1640895300829.021,35.22,94.13,38.0
1640898900852.077,27.75,91.17,37.36
1640902500878.815,27.29,91.39,37.44
1640906100908.763,31.72,76.25,15.48
1640909700932.56,20.3,90.16,37.5
1640913300956.136,32.77,80.5,37.29
1640916900968.507,27.3,94.35,37.21
1640920500992.9841,25.57,94.15,37.29
1640924101022.0781,27.46,84.27,35.94
1640927701045.898,24.79,61.66,35.89
1640931301064.476,22.52,94.58,36.26
1640934901080.985,14.86,91.81,37.12
1640938501109.3718,16.1,93.88,36.28
1640942100132.769,22.17,85.0,36.18
1640945700164.875,17.97,93.53,32.14
1640949300171.281,18.93,94.47,31.47
1640952900199.82,38.9,93.82,35.9
1640956500232.834,25.02,90.69,36.95
1640960100257.111,24.13,93.91,37.04
1640963700262.6792,17.96,89.67,36.91
1640967300295.481,18.19,90.05,36.81
1640970900326.0159,18.81,94.37,36.78
1640974500331.972,18.73,93.03,37.21
1640978100363.6702,14.28,94.27,28.82
1640981700387.7102,18.62,90.65,37.11
1640985300419.03,22.85,66.45,35.97
1640988900432.9888,20.47,76.14,36.6
1640992500466.299,18.68,90.56,34.15
1640996100489.6172,31.56,82.26,36.26
1640999700513.0461,31.83,91.6,27.42
1641003300534.103,26.94,79.35,36.58
1641006900551.09,20.75,90.55,31.47
1641010500585.201,15.62,94.33,35.73
1641014100605.966,14.8,94.45,37.17
1641017700631.168,30.84,94.5,35.73
1641021300638.719,27.2,91.73,37.42
1641024900668.781,25.23,93.74,37.09
1641028500692.94,19.14,94.14,39.08
1641032100715.77,19.43,92.07,36.79
1641035700739.906,19.49,94.96,37.55
1641039300765.137,21.61,87.99,0.0
1641042900850.847,17.93,92.81,36.77
1641046500809.549,14.51,93.59,35.44
1641050100833.569,22.78,91.87,37.2
1641053700859.078,18.09,90.4,37.01
1641057300880.699,16.74,90.14,36.19
1641060900912.565,21.3,37.38,26.64
1641064500917.792,15.47,68.33,35.71
1641068100948.393,13.74,93.83,37.04
1641071700983.563,21.46,93.84,36.14
1641075301004.3098,14.43,94.02,35.92
1641078901028.3289,15.52,94.05,36.93
1641082501037.5,35.95,89.81,24.94
1641089701096.981,28.2,93.72,37.54
1641093301120.451,35.75,91.75,37.24
1641096900133.914,26.34,28.26,8.09
1641100500157.2969,25.59,94.21,36.51
1641104100193.206,22.36,91.89,35.73
1641107700209.7622,12.95,94.49,36.56
1641111300235.2778,14.83,89.73,34.73
1641114900258.093,40.45,92.69,36.9
1641118500272.84,25.88,81.65,37.75
1641122100304.817,26.92,90.64,37.14
1641125738594.7039,20.34,94.24,35.32
1641129302347.78,13.84,89.04,37.0
1641132900477.8699,19.35,90.52,34.96
1641136500451.9082,23.01,87.57,37.14
1641140100474.109,18.91,81.0,35.07
1641143700487.36,18.54,91.14,33.14
1641147300519.5361,32.02,93.32,34.99
1641150900547.191,26.09,91.37,37.16
1641154500566.66,27.42,77.74,34.96
1641158100590.183,21.28,59.98,24.27
1641161700599.951,22.62,78.21,36.42
1641165300635.596,15.69,64.05,37.21
1641168900660.366,38.41,12.11,37.14
1641172500678.404,28.9,92.44,35.57
1641176100703.355,26.88,93.03,38.89
1641179700726.232,44.4,89.16,37.25
1641183300749.053,58.74,91.41,37.59
1641186900773.122,31.43,93.06,37.57
1641190500796.7898,24.82,94.29,36.29
1641194100817.847,21.89,69.24,34.26
1641197700833.731,17.32,93.89,36.41
1641201300857.6528,30.36,94.47,36.83
1641204900960.68,25.64,93.73,37.54
1641208500910.313,29.02,93.43,37.51
1641212100928.675,18.99,94.34,36.31
1641215700949.907,18.46,93.41,36.57
1641219300977.994,17.74,92.59,36.02
1641222901007.8462,20.73,68.97,35.95
1641226501015.2969,14.98,90.93,36.54
1641230101035.495,13.64,92.63,24.72
1641233701069.762,31.64,94.29,33.43
1641237301080.3472,22.76,94.02,37.2
1641240901114.555,22.81,68.59,20.02
1641244500120.9941,20.08,82.57,36.92
1641248100161.566,13.81,89.91,37.22
1641251700181.8298,13.45,93.61,35.09
1641255300206.093,38.53,89.09,36.81
1641258900220.625,23.0,53.33,32.03
1641262500245.321,21.84,90.16,36.39
1641266100278.3489,19.64,84.64,35.06
1641269700290.0032,18.19,90.53,30.33
1641273300321.064,19.44,90.98,36.56
1641276900337.006,26.76,91.17,35.58
1641280500360.883,14.63,75.35,35.14
1641284100384.75,14.54,65.06,36.91
1641287700417.691,21.94,90.14,36.42
1641291300434.935,17.64,90.12,36.01
1641294900565.0981,15.74,90.46,28.16
1641298501060.262,21.61,87.96,34.97
1641302100385.4512,25.44,79.69,36.94
1641305702733.052,21.84,89.8,36.28
1641309300583.469,18.27,90.76,35.36
1641312900541.617,13.38,84.3,36.57
1641316502048.258,13.88,89.74,36.03
1641320100840.3499,22.08,90.62,35.71
1641323700666.281,17.84,90.59,36.9
1641327300748.071,14.59,87.95,35.52
1641330900788.856,15.74,90.06,35.71
1641334500812.4749,17.48,86.83,36.32
1641338100833.4019,14.96,71.01,36.13
1641341700858.477,20.73,80.48,35.51
1641345300874.8591,22.37,88.81,31.7
1641348900906.055,16.51,91.05,36.29
1641352500928.5679,29.76,72.43,34.03
1641356100943.75,19.32,86.86,34.84
1641359700975.73,24.3,86.17,37.49
1641363300995.9631,33.87,40.75,35.85
1641366901014.098,24.69,62.13,36.13
1641370501026.897,24.35,67.15,36.88
1641374101048.992,25.97,80.66,35.68
1641377701085.16,21.18,90.79,35.94
1641381301094.125,16.07,71.98,34.17
1641384900124.317,37.71,79.84,18.93
1641388500142.3298,22.3,84.2,34.92
1641392100178.446,23.23,88.5,36.85
1641395700195.2058,26.53,90.31,36.76
1641399300217.57,13.72,85.53,35.07
1641402900248.672,14.76,83.86,36.24
1641406500270.2788,16.93,65.15,36.68
1641410100286.753,15.35,90.13,29.52
1641413700316.033,16.77,90.82,32.18
1641417300338.6409,17.23,91.02,26.36
1641420900353.028,14.09,84.84,32.33
1641424500386.2842,15.7,81.2,36.57
1641428100401.536,32.59,87.67,37.0
1641431700436.939,21.68,90.04,31.19
1641435300456.916,21.7,81.52,33.71
1641438900477.6868,29.07,53.54,35.76
1641442500501.362,22.71,61.94,21.42
1641446100524.916,22.53,43.09,36.57
1641449700542.288,25.87,89.95,36.66
1641453300568.2422,26.23,90.74,26.43
1641456900589.005,26.25,90.62,36.23
1641460500611.113,21.68,90.62,36.39
1641464101279.602,17.87,47.1,34.7
1641467700946.98,18.2,25.01,33.35
1641471302636.1,42.44,60.88,21.62
1641474902676.009,24.25,57.65,21.86
1641482103363.914,26.36,65.17,19.57
1641485706035.485,124.43,57.23,25.63
1641489302619.215,17.09,41.64,25.17
1641492902561.904,50.56,54.98,23.77
1641496502865.3582,19.47,62.86,24.22
1641500101803.9019,14.79,53.26,31.26
1641503701953.85,34.26,33.23,30.35
1641507301781.004,24.21,37.32,25.41
1641510906744.0579,35.77,45.14,23.99
1641514501301.087,32.29,44.93,25.49
1641518101865.993,24.79,42.81,0.03
1641521701794.003,43.18,31.64,24.73
1641525302566.7131,29.47,65.68,20.78
1641532502169.207,22.96,51.97,22.89
1641536102538.943,22.26,51.16,20.7
1641539701803.904,17.61,52.15,23.56
1641543303280.115,15.59,47.23,28.89
1641546904296.108,38.2,46.59,21.42
1641550507205.6948,34.76,90.59,36.16
1641554100808.756,24.18,69.7,33.92
1641557700839.874,20.7,79.01,35.07
1641561300844.041,14.16,89.42,35.25
1641564900873.576,13.06,88.96,34.12
1641568500955.162,18.14,87.99,35.3
1641572100948.536,14.66,89.09,33.36
1641575700962.731,15.01,76.97,36.13
1641579300988.62,25.92,89.72,36.36
1641582901009.2722,24.2,84.19,36.71
1641586501033.23,26.14,90.81,35.12
1641590101048.307,21.87,73.41,28.76
1641593701076.566,17.74,87.81,35.02
1641597301103.065,17.83,90.52,36.79
1641600900122.678,18.3,87.17,36.87
1641608100180.1792,18.93,84.79,34.97
1641611700202.834,21.67,89.49,35.22
1641615300227.0989,18.43,90.3,33.29
1641618900242.086,15.32,90.82,37.18
1641622500270.388,27.2,62.03,34.58
1641626100280.6448,13.94,71.81,37.12
1641629700317.465,13.4,90.9,36.63
1641633300331.406,20.23,88.53,34.99
1641636900356.848,15.91,90.15,36.92
1641640500377.326,17.95,91.14,36.32
1641644100394.221,36.84,89.81,36.33
1641647700490.0059,21.5,89.73,36.34
1641651300449.6602,21.65,86.3,36.6
1641654900482.025,38.26,88.98,35.5
1641658500500.952,31.07,86.66,36.84
1641662100525.501,29.45,89.71,36.51
1641665700538.44,20.97,90.39,34.38
1641669300568.763,16.85,88.74,34.89
1641672900582.326,13.27,89.6,36.52
1641676500602.124,18.55,90.95,36.19
1641680100630.708,14.17,91.19,35.72
1641683700653.1711,14.29,79.89,36.65
1641687300665.589,37.62,26.95,36.94
1641694500710.751,16.63,86.25,35.57
1641698100734.7168,19.84,86.46,36.04
1641701700761.92,15.15,91.22,32.35
1641705300788.19,13.9,83.94,36.08
1641708900812.581,21.02,84.15,36.19
1641712500833.592,12.31,90.84,36.7
1641716100860.376,13.96,90.44,35.94
1641719700870.83,15.73,90.94,36.32
1641723300897.0698,14.1,90.25,36.73
1641726900930.02,15.83,87.68,36.52
1641730500946.541,14.71,82.3,35.58
1641734100973.104,17.83,77.1,32.55
1641737700986.135,17.55,82.61,35.51
1641741301008.658,15.14,62.21,35.65
1641744901040.903,14.59,90.07,34.1
1641748501064.583,14.44,85.78,29.79
1641752101086.396,14.62,91.03,36.82
1641755701100.301,15.31,90.49,36.52
1641759300133.5051,13.91,79.66,16.3
1641762900155.7332,14.12,87.44,34.89
1641766500179.017,13.55,90.57,35.31
1641770100193.397,13.92,84.24,35.92
1641773700225.6191,19.89,86.93,36.67
1641780900260.635,14.23,89.07,36.72
1641784500289.468,14.03,83.7,35.46
1641788100317.6091,13.3,73.45,36.36
1641791700336.373,14.98,86.85,34.62
1641795300350.904,20.56,86.97,35.37
1641798900378.071,17.46,91.0,36.59
1641802500400.257,18.71,77.43,36.14
1641806100422.8052,41.56,90.79,36.63
1641809700434.254,22.42,57.66,37.03
1641813300468.968,19.29,85.18,37.02
1641816900489.223,19.16,68.01,35.76
1641820500508.425,15.79,76.01,35.91
1641824100529.532,16.21,84.32,36.13
1641827700558.521,16.95,91.24,35.98
1641831300581.095,52.52,51.49,34.7
1641834900592.754,135.92,10.26,34.94
1641838500613.894,37.76,88.98,35.4
1641842100643.344,27.32,61.42,26.38
1641845701809.834,34.03,70.67,36.26
1641849300817.407,19.98,65.56,28.13
1641852900855.957,12.62,80.69,36.67
1641856500870.454,14.14,82.25,34.33
1641860100893.2249,16.95,89.4,34.36
1641867300949.186,17.47,91.7,35.47
1641870900973.271,16.78,90.91,36.52
1641874500994.117,17.17,91.78,36.49
1641878101010.257,13.81,90.69,35.84
1641881701041.476,16.96,90.52,34.71
1641885301051.2021,16.71,88.83,35.01
1641888901084.867,17.37,91.61,36.0
1641892501097.844,24.58,90.71,34.71
1641896100120.6392,15.32,65.04,36.09
1641899700153.071,15.14,90.91,36.7
1641903300174.4438,21.17,90.92,36.33
1641906900785.812,16.19,90.98,28.51
1641910500205.088,15.91,87.18,36.33
1641914100265.6301,24.64,84.4,36.3
1641917700260.721,17.33,82.65,34.33
1641921300281.303,14.48,89.84,36.46
1641924900296.992,21.16,90.81,35.57
1641928500353.9,17.36,69.37,23.09
1641932100371.1082,17.12,87.81,36.25
1641935700403.495,21.17,87.66,36.7
1641939300416.6719,14.01,76.15,36.0
1641942900446.165,13.39,91.05,35.8
1641946500472.049,24.43,90.97,36.32
1641953700517.594,19.09,91.07,36.27
1641957300534.228,19.94,86.84,19.28
1641960900562.187,15.3,90.8,27.34
1641964500585.234,18.49,87.27,35.28
1641968100596.94,20.88,90.97,35.99
1641971700612.709,49.23,89.59,36.6
1641975300648.8591,17.49,87.01,35.97
1641978900671.084,33.43,77.26,34.81
1641982500695.711,24.68,84.67,36.0
1641986100832.721,24.67,75.54,36.38
1641989700742.747,27.67,90.5,35.58
1641993300756.957,15.22,90.24,35.71
1641996900780.558,15.89,90.43,36.89
1642000500805.482,18.05,90.74,35.24
1642004100830.517,15.29,88.79,35.62
1642007700858.8918,22.17,58.86,36.72
1642011300869.8909,16.28,89.35,35.91
1642014900894.096,15.4,87.42,33.85
1642018500927.157,14.8,81.24,36.52
1642022100942.1812,27.35,80.89,35.6
1642025700972.45,16.48,89.83,36.42
1642029300984.862,16.36,37.07,35.24
1642032901017.534,34.83,90.24,36.27
1642040101053.285,35.8,90.58,35.56
1642043701084.903,29.75,90.56,36.17
1642047301106.343,24.94,89.44,36.51
1642050900114.789,25.05,86.52,34.33
1642054500151.1172,23.23,90.18,30.26
1642058100173.589,13.57,90.62,35.44
1642061700199.789,14.63,91.16,34.59
1642065300220.9749,31.35,78.44,37.0
1642068900234.7979,20.6,90.83,35.44
1642072500256.826,22.99,79.7,36.15
1642076100289.694,31.25,63.81,28.74
1642079700309.5168,22.56,91.29,35.37
1642083300328.754,21.26,82.95,36.93
1642086900361.185,15.63,85.0,36.1
1642090500384.387,15.36,81.34,36.21
1642094100390.2668,15.8,45.37,28.76
1642097700424.235,23.02,89.72,30.79
1642101300454.091,13.95,87.15,36.23
1642104900476.739,14.62,82.6,35.21
1642108500484.343,16.05,84.44,25.68
1642112100520.173,15.02,86.93,17.14
1642115700542.333,15.28,88.95,16.83
1642119300566.2031,17.11,91.47,34.45
1642122900578.398,17.18,91.59,36.48
1642126500606.137,16.87,91.56,35.64
1642130100627.805,28.64,90.48,36.23
1642133700648.905,25.41,90.2,36.28
1642137300675.3992,20.7,90.64,36.77
1642140900679.539,20.39,87.77,35.77
1642144500718.88,13.81,74.98,33.15
1642148100739.812,13.94,90.58,36.54
1642151700765.38,23.82,85.69,36.03
1642155300781.061,18.27,91.1,36.45
1642158900809.8398,17.09,82.68,35.8
1642162500831.517,14.89,91.21,36.09
1642166100842.0178,13.98,86.38,36.54
1642169700875.191,14.13,90.81,36.51
1642173300889.333,26.05,74.54,36.75
1642176900903.299,16.77,64.71,34.32
1642180500932.0159,17.73,56.79,36.31
1642184100965.972,21.11,76.29,35.64
1642187700985.7021,12.25,90.19,36.7
1642191301008.823,15.64,86.52,35.99
1642194901025.599,20.16,85.52,20.09
1642198501056.956,18.9,64.76,36.14
1642202101079.5469,18.72,87.89,31.52
1642205701101.6282,33.9,89.27,35.84
1642212900144.181,22.62,90.64,35.0
1642216500161.0552,18.0,80.71,36.81
1642220100180.232,15.63,91.15,35.47
1642223700207.039,13.43,74.33,36.5
1642227300237.67,20.52,90.83,13.74
1642230900254.129,20.17,90.26,34.08
1642234500270.227,20.39,87.75,33.76
1642238100306.525,24.31,89.6,36.01
1642241700313.88,14.36,88.14,37.06
1642245300352.519,13.96,89.69,35.99
1642248900376.103,21.53,73.86,33.57
1642252500400.042,18.04,83.79,36.24
1642256100413.758,13.72,86.82,36.31
1642259700436.703,14.32,89.24,36.38
1642263300467.337,13.24,90.5,26.61
1642266900492.688,14.24,90.67,29.9
1642270500513.448,14.32,36.34,30.84
1642274100523.159,13.64,79.67,36.63
1642277700560.941,13.91,72.84,26.77
1642281300580.626,20.86,87.23,35.47
1642284900605.384,13.3,87.5,37.0
1642288500624.836,13.75,89.68,34.73
1642292100634.2722,13.02,60.91,34.67
1642299300675.0369,18.35,90.58,34.46
1642302900713.5261,23.25,90.93,35.49
1642306500741.005,19.72,90.75,36.36
1642310100753.618,13.5,91.08,36.1
1642313700774.833,21.71,81.07,33.96
1642317300806.989,16.18,87.67,36.11
1642320900822.9312,15.93,86.97,34.92
1642324500844.927,20.5,90.55,19.43
1642328100870.313,14.84,89.0,16.49
1642331700888.265,15.25,71.01,15.75
1642335300910.38,16.03,69.26,20.62
